{"issues":[],"originID":"40342","originEID":"mc2yn2fyhw8wg9r1t4yn7mxkpf6q","data":{"assetType":{"id":197,"name":"htmlblock"},"description":"Example content to demonstrate sharing packaged SFMC content.","name":"sfmcdg-example-helloWorld-content","category":{"id":"{{mcpm#/entities/categories/371720/data/id}}"},"content":"<table cellpadding=\"0\" cellspacing=\"0\" width=\"100%\" role=\"presentation\" style=\"min-width: 100%; \" class=\"stylingblock-content-wrapper\"><tr><td class=\"stylingblock-content-wrapper camarker-inner\"><p>\n  Hello World\n</p></td></tr></table>","design":"","meta":{"wrapperStyles":{"mobile":{"visible":true},"styling":{}}},"fileProperties":{"fileName":"sfmcdg-example-helloword-content"}}}